country,continent,lifeExp,year
Afghanistan,Asia,28.801,1952
Afghanistan,Asia,30.332,1957
Afghanistan,Asia,31.997,1962
Afghanistan,Asia,34.02,1967
Afghanistan,Asia,36.088,1972
Afghanistan,Asia,38.438,1977
Afghanistan,Asia,39.854,1982
Afghanistan,Asia,40.822,1987
Afghanistan,Asia,41.674,1992
Afghanistan,Asia,41.763,1997
Afghanistan,Asia,42.129,2002
Afghanistan,Asia,43.828,2007
Albania,Europe,55.23,1952
Albania,Europe,59.28,1957
Albania,Europe,64.82,1962
Albania,Europe,66.22,1967
Albania,Europe,67.69,1972
Albania,Europe,68.93,1977
Albania,Europe,70.42,1982
Albania,Europe,72,1987
Albania,Europe,71.581,1992
Albania,Europe,72.95,1997
Albania,Europe,75.651,2002
Albania,Europe,76.423,2007
Algeria,Africa,43.077,1952
Algeria,Africa,45.685,1957
Algeria,Africa,48.303,1962
Algeria,Africa,51.407,1967
Algeria,Africa,54.518,1972
Algeria,Africa,58.014,1977
Algeria,Africa,61.368,1982
Algeria,Africa,65.799,1987
Algeria,Africa,67.744,1992
Algeria,Africa,69.152,1997
Algeria,Africa,70.994,2002
Algeria,Africa,72.301,2007
Angola,Africa,30.015,1952
Angola,Africa,31.999,1957
Angola,Africa,34,1962
Angola,Africa,35.985,1967
Angola,Africa,37.928,1972
Angola,Africa,39.483,1977
Angola,Africa,39.942,1982
Angola,Africa,39.906,1987
Angola,Africa,40.647,1992
Angola,Africa,40.963,1997
Angola,Africa,41.003,2002
Angola,Africa,42.731,2007
Argentina,Americas,62.485,1952
Argentina,Americas,64.399,1957
Argentina,Americas,65.142,1962
Argentina,Americas,65.634,1967
Argentina,Americas,67.065,1972
Argentina,Americas,68.481,1977
Argentina,Americas,69.942,1982
Argentina,Americas,70.774,1987
Argentina,Americas,71.868,1992
Argentina,Americas,73.275,1997
Argentina,Americas,74.34,2002
Argentina,Americas,75.32,2007
Australia,Oceania,69.12,1952
Australia,Oceania,70.33,1957
Australia,Oceania,70.93,1962
Australia,Oceania,71.1,1967
Australia,Oceania,71.93,1972
Australia,Oceania,73.49,1977
Australia,Oceania,74.74,1982
Australia,Oceania,76.32,1987
Australia,Oceania,77.56,1992
Australia,Oceania,78.83,1997
Australia,Oceania,80.37,2002
Australia,Oceania,81.235,2007
Austria,Europe,66.8,1952
Austria,Europe,67.48,1957
Austria,Europe,69.54,1962
Austria,Europe,70.14,1967
Austria,Europe,70.63,1972
Austria,Europe,72.17,1977
Austria,Europe,73.18,1982
Austria,Europe,74.94,1987
Austria,Europe,76.04,1992
Austria,Europe,77.51,1997
Austria,Europe,78.98,2002
Austria,Europe,79.829,2007
Bahrain,Asia,50.939,1952
Bahrain,Asia,53.832,1957
Bahrain,Asia,56.923,1962
Bahrain,Asia,59.923,1967
Bahrain,Asia,63.3,1972
Bahrain,Asia,65.593,1977
Bahrain,Asia,69.052,1982
Bahrain,Asia,70.75,1987
Bahrain,Asia,72.601,1992
Bahrain,Asia,73.925,1997
Bahrain,Asia,74.795,2002
Bahrain,Asia,75.635,2007
Bangladesh,Asia,37.484,1952
Bangladesh,Asia,39.348,1957
Bangladesh,Asia,41.216,1962
Bangladesh,Asia,43.453,1967
Bangladesh,Asia,45.252,1972
Bangladesh,Asia,46.923,1977
Bangladesh,Asia,50.009,1982
Bangladesh,Asia,52.819,1987
Bangladesh,Asia,56.018,1992
Bangladesh,Asia,59.412,1997
Bangladesh,Asia,62.013,2002
Bangladesh,Asia,64.062,2007
Belgium,Europe,68,1952
Belgium,Europe,69.24,1957
Belgium,Europe,70.25,1962
Belgium,Europe,70.94,1967
Belgium,Europe,71.44,1972
Belgium,Europe,72.8,1977
Belgium,Europe,73.93,1982
Belgium,Europe,75.35,1987
Belgium,Europe,76.46,1992
Belgium,Europe,77.53,1997
Belgium,Europe,78.32,2002
Belgium,Europe,79.441,2007
Benin,Africa,38.223,1952
Benin,Africa,40.358,1957
Benin,Africa,42.618,1962
Benin,Africa,44.885,1967
Benin,Africa,47.014,1972
Benin,Africa,49.19,1977
Benin,Africa,50.904,1982
Benin,Africa,52.337,1987
Benin,Africa,53.919,1992
Benin,Africa,54.777,1997
Benin,Africa,54.406,2002
Benin,Africa,56.728,2007
Bolivia,Americas,40.414,1952
Bolivia,Americas,41.89,1957
Bolivia,Americas,43.428,1962
Bolivia,Americas,45.032,1967
Bolivia,Americas,46.714,1972
Bolivia,Americas,50.023,1977
Bolivia,Americas,53.859,1982
Bolivia,Americas,57.251,1987
Bolivia,Americas,59.957,1992
Bolivia,Americas,62.05,1997
Bolivia,Americas,63.883,2002
Bolivia,Americas,65.554,2007
Bosnia and Herzegovina,Europe,53.82,1952
Bosnia and Herzegovina,Europe,58.45,1957
Bosnia and Herzegovina,Europe,61.93,1962
Bosnia and Herzegovina,Europe,64.79,1967
Bosnia and Herzegovina,Europe,67.45,1972
Bosnia and Herzegovina,Europe,69.86,1977
Bosnia and Herzegovina,Europe,70.69,1982
Bosnia and Herzegovina,Europe,71.14,1987
Bosnia and Herzegovina,Europe,72.178,1992
Bosnia and Herzegovina,Europe,73.244,1997
Bosnia and Herzegovina,Europe,74.09,2002
Bosnia and Herzegovina,Europe,74.852,2007
Botswana,Africa,47.622,1952
Botswana,Africa,49.618,1957
Botswana,Africa,51.52,1962
Botswana,Africa,53.298,1967
Botswana,Africa,56.024,1972
Botswana,Africa,59.319,1977
Botswana,Africa,61.484,1982
Botswana,Africa,63.622,1987
Botswana,Africa,62.745,1992
Botswana,Africa,52.556,1997
Botswana,Africa,46.634,2002
Botswana,Africa,50.728,2007
Brazil,Americas,50.917,1952
Brazil,Americas,53.285,1957
Brazil,Americas,55.665,1962
Brazil,Americas,57.632,1967
Brazil,Americas,59.504,1972
Brazil,Americas,61.489,1977
Brazil,Americas,63.336,1982
Brazil,Americas,65.205,1987
Brazil,Americas,67.057,1992
Brazil,Americas,69.388,1997
Brazil,Americas,71.006,2002
Brazil,Americas,72.39,2007
Bulgaria,Europe,59.6,1952
Bulgaria,Europe,66.61,1957
Bulgaria,Europe,69.51,1962
Bulgaria,Europe,70.42,1967
Bulgaria,Europe,70.9,1972
Bulgaria,Europe,70.81,1977
Bulgaria,Europe,71.08,1982
Bulgaria,Europe,71.34,1987
Bulgaria,Europe,71.19,1992
Bulgaria,Europe,70.32,1997
Bulgaria,Europe,72.14,2002
Bulgaria,Europe,73.005,2007
Burkina Faso,Africa,31.975,1952
Burkina Faso,Africa,34.906,1957
Burkina Faso,Africa,37.814,1962
Burkina Faso,Africa,40.697,1967
Burkina Faso,Africa,43.591,1972
Burkina Faso,Africa,46.137,1977
Burkina Faso,Africa,48.122,1982
Burkina Faso,Africa,49.557,1987
Burkina Faso,Africa,50.26,1992
Burkina Faso,Africa,50.324,1997
Burkina Faso,Africa,50.65,2002
Burkina Faso,Africa,52.295,2007
Burundi,Africa,39.031,1952
Burundi,Africa,40.533,1957
Burundi,Africa,42.045,1962
Burundi,Africa,43.548,1967
Burundi,Africa,44.057,1972
Burundi,Africa,45.91,1977
Burundi,Africa,47.471,1982
Burundi,Africa,48.211,1987
Burundi,Africa,44.736,1992
Burundi,Africa,45.326,1997
Burundi,Africa,47.36,2002
Burundi,Africa,49.58,2007
Cambodia,Asia,39.417,1952
Cambodia,Asia,41.366,1957
Cambodia,Asia,43.415,1962
Cambodia,Asia,45.415,1967
Cambodia,Asia,40.317,1972
Cambodia,Asia,31.22,1977
Cambodia,Asia,50.957,1982
Cambodia,Asia,53.914,1987
Cambodia,Asia,55.803,1992
Cambodia,Asia,56.534,1997
Cambodia,Asia,56.752,2002
Cambodia,Asia,59.723,2007
Cameroon,Africa,38.523,1952
Cameroon,Africa,40.428,1957
Cameroon,Africa,42.643,1962
Cameroon,Africa,44.799,1967
Cameroon,Africa,47.049,1972
Cameroon,Africa,49.355,1977
Cameroon,Africa,52.961,1982
Cameroon,Africa,54.985,1987
Cameroon,Africa,54.314,1992
Cameroon,Africa,52.199,1997
Cameroon,Africa,49.856,2002
Cameroon,Africa,50.43,2007
Canada,Americas,68.75,1952
Canada,Americas,69.96,1957
Canada,Americas,71.3,1962
Canada,Americas,72.13,1967
Canada,Americas,72.88,1972
Canada,Americas,74.21,1977
Canada,Americas,75.76,1982
Canada,Americas,76.86,1987
Canada,Americas,77.95,1992
Canada,Americas,78.61,1997
Canada,Americas,79.77,2002
Canada,Americas,80.653,2007
Central African Republic,Africa,35.463,1952
Central African Republic,Africa,37.464,1957
Central African Republic,Africa,39.475,1962
Central African Republic,Africa,41.478,1967
Central African Republic,Africa,43.457,1972
Central African Republic,Africa,46.775,1977
Central African Republic,Africa,48.295,1982
Central African Republic,Africa,50.485,1987
Central African Republic,Africa,49.396,1992
Central African Republic,Africa,46.066,1997
Central African Republic,Africa,43.308,2002
Central African Republic,Africa,44.741,2007
Chad,Africa,38.092,1952
Chad,Africa,39.881,1957
Chad,Africa,41.716,1962
Chad,Africa,43.601,1967
Chad,Africa,45.569,1972
Chad,Africa,47.383,1977
Chad,Africa,49.517,1982
Chad,Africa,51.051,1987
Chad,Africa,51.724,1992
Chad,Africa,51.573,1997
Chad,Africa,50.525,2002
Chad,Africa,50.651,2007
Chile,Americas,54.745,1952
Chile,Americas,56.074,1957
Chile,Americas,57.924,1962
Chile,Americas,60.523,1967
Chile,Americas,63.441,1972
Chile,Americas,67.052,1977
Chile,Americas,70.565,1982
Chile,Americas,72.492,1987
Chile,Americas,74.126,1992
Chile,Americas,75.816,1997
Chile,Americas,77.86,2002
Chile,Americas,78.553,2007
China,Asia,44,1952
China,Asia,50.54896,1957
China,Asia,44.50136,1962
China,Asia,58.38112,1967
China,Asia,63.11888,1972
China,Asia,63.96736,1977
China,Asia,65.525,1982
China,Asia,67.274,1987
China,Asia,68.69,1992
China,Asia,70.426,1997
China,Asia,72.028,2002
China,Asia,72.961,2007
Colombia,Americas,50.643,1952
Colombia,Americas,55.118,1957
Colombia,Americas,57.863,1962
Colombia,Americas,59.963,1967
Colombia,Americas,61.623,1972
Colombia,Americas,63.837,1977
Colombia,Americas,66.653,1982
Colombia,Americas,67.768,1987
Colombia,Americas,68.421,1992
Colombia,Americas,70.313,1997
Colombia,Americas,71.682,2002
Colombia,Americas,72.889,2007
Comoros,Africa,40.715,1952
Comoros,Africa,42.46,1957
Comoros,Africa,44.467,1962
Comoros,Africa,46.472,1967
Comoros,Africa,48.944,1972
Comoros,Africa,50.939,1977
Comoros,Africa,52.933,1982
Comoros,Africa,54.926,1987
Comoros,Africa,57.939,1992
Comoros,Africa,60.66,1997
Comoros,Africa,62.974,2002
Comoros,Africa,65.152,2007
"Congo, Dem. Rep.",Africa,39.143,1952
"Congo, Dem. Rep.",Africa,40.652,1957
"Congo, Dem. Rep.",Africa,42.122,1962
"Congo, Dem. Rep.",Africa,44.056,1967
"Congo, Dem. Rep.",Africa,45.989,1972
"Congo, Dem. Rep.",Africa,47.804,1977
"Congo, Dem. Rep.",Africa,47.784,1982
"Congo, Dem. Rep.",Africa,47.412,1987
"Congo, Dem. Rep.",Africa,45.548,1992
"Congo, Dem. Rep.",Africa,42.587,1997
"Congo, Dem. Rep.",Africa,44.966,2002
"Congo, Dem. Rep.",Africa,46.462,2007
"Congo, Rep.",Africa,42.111,1952
"Congo, Rep.",Africa,45.053,1957
"Congo, Rep.",Africa,48.435,1962
"Congo, Rep.",Africa,52.04,1967
"Congo, Rep.",Africa,54.907,1972
"Congo, Rep.",Africa,55.625,1977
"Congo, Rep.",Africa,56.695,1982
"Congo, Rep.",Africa,57.47,1987
"Congo, Rep.",Africa,56.433,1992
"Congo, Rep.",Africa,52.962,1997
"Congo, Rep.",Africa,52.97,2002
"Congo, Rep.",Africa,55.322,2007
Costa Rica,Americas,57.206,1952
Costa Rica,Americas,60.026,1957
Costa Rica,Americas,62.842,1962
Costa Rica,Americas,65.424,1967
Costa Rica,Americas,67.849,1972
Costa Rica,Americas,70.75,1977
Costa Rica,Americas,73.45,1982
Costa Rica,Americas,74.752,1987
Costa Rica,Americas,75.713,1992
Costa Rica,Americas,77.26,1997
Costa Rica,Americas,78.123,2002
Costa Rica,Americas,78.782,2007
Cote d'Ivoire,Africa,40.477,1952
Cote d'Ivoire,Africa,42.469,1957
Cote d'Ivoire,Africa,44.93,1962
Cote d'Ivoire,Africa,47.35,1967
Cote d'Ivoire,Africa,49.801,1972
Cote d'Ivoire,Africa,52.374,1977
Cote d'Ivoire,Africa,53.983,1982
Cote d'Ivoire,Africa,54.655,1987
Cote d'Ivoire,Africa,52.044,1992
Cote d'Ivoire,Africa,47.991,1997
Cote d'Ivoire,Africa,46.832,2002
Cote d'Ivoire,Africa,48.328,2007
Croatia,Europe,61.21,1952
Croatia,Europe,64.77,1957
Croatia,Europe,67.13,1962
Croatia,Europe,68.5,1967
Croatia,Europe,69.61,1972
Croatia,Europe,70.64,1977
Croatia,Europe,70.46,1982
Croatia,Europe,71.52,1987
Croatia,Europe,72.527,1992
Croatia,Europe,73.68,1997
Croatia,Europe,74.876,2002
Croatia,Europe,75.748,2007
Cuba,Americas,59.421,1952
Cuba,Americas,62.325,1957
Cuba,Americas,65.246,1962
Cuba,Americas,68.29,1967
Cuba,Americas,70.723,1972
Cuba,Americas,72.649,1977
Cuba,Americas,73.717,1982
Cuba,Americas,74.174,1987
Cuba,Americas,74.414,1992
Cuba,Americas,76.151,1997
Cuba,Americas,77.158,2002
Cuba,Americas,78.273,2007
Czech Republic,Europe,66.87,1952
Czech Republic,Europe,69.03,1957
Czech Republic,Europe,69.9,1962
Czech Republic,Europe,70.38,1967
Czech Republic,Europe,70.29,1972
Czech Republic,Europe,70.71,1977
Czech Republic,Europe,70.96,1982
Czech Republic,Europe,71.58,1987
Czech Republic,Europe,72.4,1992
Czech Republic,Europe,74.01,1997
Czech Republic,Europe,75.51,2002
Czech Republic,Europe,76.486,2007
Denmark,Europe,70.78,1952
Denmark,Europe,71.81,1957
Denmark,Europe,72.35,1962
Denmark,Europe,72.96,1967
Denmark,Europe,73.47,1972
Denmark,Europe,74.69,1977
Denmark,Europe,74.63,1982
Denmark,Europe,74.8,1987
Denmark,Europe,75.33,1992
Denmark,Europe,76.11,1997
Denmark,Europe,77.18,2002
Denmark,Europe,78.332,2007
Djibouti,Africa,34.812,1952
Djibouti,Africa,37.328,1957
Djibouti,Africa,39.693,1962
Djibouti,Africa,42.074,1967
Djibouti,Africa,44.366,1972
Djibouti,Africa,46.519,1977
Djibouti,Africa,48.812,1982
Djibouti,Africa,50.04,1987
Djibouti,Africa,51.604,1992
Djibouti,Africa,53.157,1997
Djibouti,Africa,53.373,2002
Djibouti,Africa,54.791,2007
Dominican Republic,Americas,45.928,1952
Dominican Republic,Americas,49.828,1957
Dominican Republic,Americas,53.459,1962
Dominican Republic,Americas,56.751,1967
Dominican Republic,Americas,59.631,1972
Dominican Republic,Americas,61.788,1977
Dominican Republic,Americas,63.727,1982
Dominican Republic,Americas,66.046,1987
Dominican Republic,Americas,68.457,1992
Dominican Republic,Americas,69.957,1997
Dominican Republic,Americas,70.847,2002
Dominican Republic,Americas,72.235,2007
Ecuador,Americas,48.357,1952
Ecuador,Americas,51.356,1957
Ecuador,Americas,54.64,1962
Ecuador,Americas,56.678,1967
Ecuador,Americas,58.796,1972
Ecuador,Americas,61.31,1977
Ecuador,Americas,64.342,1982
Ecuador,Americas,67.231,1987
Ecuador,Americas,69.613,1992
Ecuador,Americas,72.312,1997
Ecuador,Americas,74.173,2002
Ecuador,Americas,74.994,2007
Egypt,Africa,41.893,1952
Egypt,Africa,44.444,1957
Egypt,Africa,46.992,1962
Egypt,Africa,49.293,1967
Egypt,Africa,51.137,1972
Egypt,Africa,53.319,1977
Egypt,Africa,56.006,1982
Egypt,Africa,59.797,1987
Egypt,Africa,63.674,1992
Egypt,Africa,67.217,1997
Egypt,Africa,69.806,2002
Egypt,Africa,71.338,2007
El Salvador,Americas,45.262,1952
El Salvador,Americas,48.57,1957
El Salvador,Americas,52.307,1962
El Salvador,Americas,55.855,1967
El Salvador,Americas,58.207,1972
El Salvador,Americas,56.696,1977
El Salvador,Americas,56.604,1982
El Salvador,Americas,63.154,1987
El Salvador,Americas,66.798,1992
El Salvador,Americas,69.535,1997
El Salvador,Americas,70.734,2002
El Salvador,Americas,71.878,2007
Equatorial Guinea,Africa,34.482,1952
Equatorial Guinea,Africa,35.983,1957
Equatorial Guinea,Africa,37.485,1962
Equatorial Guinea,Africa,38.987,1967
Equatorial Guinea,Africa,40.516,1972
Equatorial Guinea,Africa,42.024,1977
Equatorial Guinea,Africa,43.662,1982
Equatorial Guinea,Africa,45.664,1987
Equatorial Guinea,Africa,47.545,1992
Equatorial Guinea,Africa,48.245,1997
Equatorial Guinea,Africa,49.348,2002
Equatorial Guinea,Africa,51.579,2007
Eritrea,Africa,35.928,1952
Eritrea,Africa,38.047,1957
Eritrea,Africa,40.158,1962
Eritrea,Africa,42.189,1967
Eritrea,Africa,44.142,1972
Eritrea,Africa,44.535,1977
Eritrea,Africa,43.89,1982
Eritrea,Africa,46.453,1987
Eritrea,Africa,49.991,1992
Eritrea,Africa,53.378,1997
Eritrea,Africa,55.24,2002
Eritrea,Africa,58.04,2007
Ethiopia,Africa,34.078,1952
Ethiopia,Africa,36.667,1957
Ethiopia,Africa,40.059,1962
Ethiopia,Africa,42.115,1967
Ethiopia,Africa,43.515,1972
Ethiopia,Africa,44.51,1977
Ethiopia,Africa,44.916,1982
Ethiopia,Africa,46.684,1987
Ethiopia,Africa,48.091,1992
Ethiopia,Africa,49.402,1997
Ethiopia,Africa,50.725,2002
Ethiopia,Africa,52.947,2007
Finland,Europe,66.55,1952
Finland,Europe,67.49,1957
Finland,Europe,68.75,1962
Finland,Europe,69.83,1967
Finland,Europe,70.87,1972
Finland,Europe,72.52,1977
Finland,Europe,74.55,1982
Finland,Europe,74.83,1987
Finland,Europe,75.7,1992
Finland,Europe,77.13,1997
Finland,Europe,78.37,2002
Finland,Europe,79.313,2007
France,Europe,67.41,1952
France,Europe,68.93,1957
France,Europe,70.51,1962
France,Europe,71.55,1967
France,Europe,72.38,1972
France,Europe,73.83,1977
France,Europe,74.89,1982
France,Europe,76.34,1987
France,Europe,77.46,1992
France,Europe,78.64,1997
France,Europe,79.59,2002
France,Europe,80.657,2007
Gabon,Africa,37.003,1952
Gabon,Africa,38.999,1957
Gabon,Africa,40.489,1962
Gabon,Africa,44.598,1967
Gabon,Africa,48.69,1972
Gabon,Africa,52.79,1977
Gabon,Africa,56.564,1982
Gabon,Africa,60.19,1987
Gabon,Africa,61.366,1992
Gabon,Africa,60.461,1997
Gabon,Africa,56.761,2002
Gabon,Africa,56.735,2007
Gambia,Africa,30,1952
Gambia,Africa,32.065,1957
Gambia,Africa,33.896,1962
Gambia,Africa,35.857,1967
Gambia,Africa,38.308,1972
Gambia,Africa,41.842,1977
Gambia,Africa,45.58,1982
Gambia,Africa,49.265,1987
Gambia,Africa,52.644,1992
Gambia,Africa,55.861,1997
Gambia,Africa,58.041,2002
Gambia,Africa,59.448,2007
Germany,Europe,67.5,1952
Germany,Europe,69.1,1957
Germany,Europe,70.3,1962
Germany,Europe,70.8,1967
Germany,Europe,71,1972
Germany,Europe,72.5,1977
Germany,Europe,73.8,1982
Germany,Europe,74.847,1987
Germany,Europe,76.07,1992
Germany,Europe,77.34,1997
Germany,Europe,78.67,2002
Germany,Europe,79.406,2007
Ghana,Africa,43.149,1952
Ghana,Africa,44.779,1957
Ghana,Africa,46.452,1962
Ghana,Africa,48.072,1967
Ghana,Africa,49.875,1972
Ghana,Africa,51.756,1977
Ghana,Africa,53.744,1982
Ghana,Africa,55.729,1987
Ghana,Africa,57.501,1992
Ghana,Africa,58.556,1997
Ghana,Africa,58.453,2002
Ghana,Africa,60.022,2007
Greece,Europe,65.86,1952
Greece,Europe,67.86,1957
Greece,Europe,69.51,1962
Greece,Europe,71,1967
Greece,Europe,72.34,1972
Greece,Europe,73.68,1977
Greece,Europe,75.24,1982
Greece,Europe,76.67,1987
Greece,Europe,77.03,1992
Greece,Europe,77.869,1997
Greece,Europe,78.256,2002
Greece,Europe,79.483,2007
Guatemala,Americas,42.023,1952
Guatemala,Americas,44.142,1957
Guatemala,Americas,46.954,1962
Guatemala,Americas,50.016,1967
Guatemala,Americas,53.738,1972
Guatemala,Americas,56.029,1977
Guatemala,Americas,58.137,1982
Guatemala,Americas,60.782,1987
Guatemala,Americas,63.373,1992
Guatemala,Americas,66.322,1997
Guatemala,Americas,68.978,2002
Guatemala,Americas,70.259,2007
Guinea,Africa,33.609,1952
Guinea,Africa,34.558,1957
Guinea,Africa,35.753,1962
Guinea,Africa,37.197,1967
Guinea,Africa,38.842,1972
Guinea,Africa,40.762,1977
Guinea,Africa,42.891,1982
Guinea,Africa,45.552,1987
Guinea,Africa,48.576,1992
Guinea,Africa,51.455,1997
Guinea,Africa,53.676,2002
Guinea,Africa,56.007,2007
Guinea-Bissau,Africa,32.5,1952
Guinea-Bissau,Africa,33.489,1957
Guinea-Bissau,Africa,34.488,1962
Guinea-Bissau,Africa,35.492,1967
Guinea-Bissau,Africa,36.486,1972
Guinea-Bissau,Africa,37.465,1977
Guinea-Bissau,Africa,39.327,1982
Guinea-Bissau,Africa,41.245,1987
Guinea-Bissau,Africa,43.266,1992
Guinea-Bissau,Africa,44.873,1997
Guinea-Bissau,Africa,45.504,2002
Guinea-Bissau,Africa,46.388,2007
Haiti,Americas,37.579,1952
Haiti,Americas,40.696,1957
Haiti,Americas,43.59,1962
Haiti,Americas,46.243,1967
Haiti,Americas,48.042,1972
Haiti,Americas,49.923,1977
Haiti,Americas,51.461,1982
Haiti,Americas,53.636,1987
Haiti,Americas,55.089,1992
Haiti,Americas,56.671,1997
Haiti,Americas,58.137,2002
Haiti,Americas,60.916,2007
Honduras,Americas,41.912,1952
Honduras,Americas,44.665,1957
Honduras,Americas,48.041,1962
Honduras,Americas,50.924,1967
Honduras,Americas,53.884,1972
Honduras,Americas,57.402,1977
Honduras,Americas,60.909,1982
Honduras,Americas,64.492,1987
Honduras,Americas,66.399,1992
Honduras,Americas,67.659,1997
Honduras,Americas,68.565,2002
Honduras,Americas,70.198,2007
"Hong Kong, China",Asia,60.96,1952
"Hong Kong, China",Asia,64.75,1957
"Hong Kong, China",Asia,67.65,1962
"Hong Kong, China",Asia,70,1967
"Hong Kong, China",Asia,72,1972
"Hong Kong, China",Asia,73.6,1977
"Hong Kong, China",Asia,75.45,1982
"Hong Kong, China",Asia,76.2,1987
"Hong Kong, China",Asia,77.601,1992
"Hong Kong, China",Asia,80,1997
"Hong Kong, China",Asia,81.495,2002
"Hong Kong, China",Asia,82.208,2007
Hungary,Europe,64.03,1952
Hungary,Europe,66.41,1957
Hungary,Europe,67.96,1962
Hungary,Europe,69.5,1967
Hungary,Europe,69.76,1972
Hungary,Europe,69.95,1977
Hungary,Europe,69.39,1982
Hungary,Europe,69.58,1987
Hungary,Europe,69.17,1992
Hungary,Europe,71.04,1997
Hungary,Europe,72.59,2002
Hungary,Europe,73.338,2007
Iceland,Europe,72.49,1952
Iceland,Europe,73.47,1957
Iceland,Europe,73.68,1962
Iceland,Europe,73.73,1967
Iceland,Europe,74.46,1972
Iceland,Europe,76.11,1977
Iceland,Europe,76.99,1982
Iceland,Europe,77.23,1987
Iceland,Europe,78.77,1992
Iceland,Europe,78.95,1997
Iceland,Europe,80.5,2002
Iceland,Europe,81.757,2007
India,Asia,37.373,1952
India,Asia,40.249,1957
India,Asia,43.605,1962
India,Asia,47.193,1967
India,Asia,50.651,1972
India,Asia,54.208,1977
India,Asia,56.596,1982
India,Asia,58.553,1987
India,Asia,60.223,1992
India,Asia,61.765,1997
India,Asia,62.879,2002
India,Asia,64.698,2007
Indonesia,Asia,37.468,1952
Indonesia,Asia,39.918,1957
Indonesia,Asia,42.518,1962
Indonesia,Asia,45.964,1967
Indonesia,Asia,49.203,1972
Indonesia,Asia,52.702,1977
Indonesia,Asia,56.159,1982
Indonesia,Asia,60.137,1987
Indonesia,Asia,62.681,1992
Indonesia,Asia,66.041,1997
Indonesia,Asia,68.588,2002
Indonesia,Asia,70.65,2007
Iran,Asia,44.869,1952
Iran,Asia,47.181,1957
Iran,Asia,49.325,1962
Iran,Asia,52.469,1967
Iran,Asia,55.234,1972
Iran,Asia,57.702,1977
Iran,Asia,59.62,1982
Iran,Asia,63.04,1987
Iran,Asia,65.742,1992
Iran,Asia,68.042,1997
Iran,Asia,69.451,2002
Iran,Asia,70.964,2007
Iraq,Asia,45.32,1952
Iraq,Asia,48.437,1957
Iraq,Asia,51.457,1962
Iraq,Asia,54.459,1967
Iraq,Asia,56.95,1972
Iraq,Asia,60.413,1977
Iraq,Asia,62.038,1982
Iraq,Asia,65.044,1987
Iraq,Asia,59.461,1992
Iraq,Asia,58.811,1997
Iraq,Asia,57.046,2002
Iraq,Asia,59.545,2007
Ireland,Europe,66.91,1952
Ireland,Europe,68.9,1957
Ireland,Europe,70.29,1962
Ireland,Europe,71.08,1967
Ireland,Europe,71.28,1972
Ireland,Europe,72.03,1977
Ireland,Europe,73.1,1982
Ireland,Europe,74.36,1987
Ireland,Europe,75.467,1992
Ireland,Europe,76.122,1997
Ireland,Europe,77.783,2002
Ireland,Europe,78.885,2007
Israel,Asia,65.39,1952
Israel,Asia,67.84,1957
Israel,Asia,69.39,1962
Israel,Asia,70.75,1967
Israel,Asia,71.63,1972
Israel,Asia,73.06,1977
Israel,Asia,74.45,1982
Israel,Asia,75.6,1987
Israel,Asia,76.93,1992
Israel,Asia,78.269,1997
Israel,Asia,79.696,2002
Israel,Asia,80.745,2007
Italy,Europe,65.94,1952
Italy,Europe,67.81,1957
Italy,Europe,69.24,1962
Italy,Europe,71.06,1967
Italy,Europe,72.19,1972
Italy,Europe,73.48,1977
Italy,Europe,74.98,1982
Italy,Europe,76.42,1987
Italy,Europe,77.44,1992
Italy,Europe,78.82,1997
Italy,Europe,80.24,2002
Italy,Europe,80.546,2007
Jamaica,Americas,58.53,1952
Jamaica,Americas,62.61,1957
Jamaica,Americas,65.61,1962
Jamaica,Americas,67.51,1967
Jamaica,Americas,69,1972
Jamaica,Americas,70.11,1977
Jamaica,Americas,71.21,1982
Jamaica,Americas,71.77,1987
Jamaica,Americas,71.766,1992
Jamaica,Americas,72.262,1997
Jamaica,Americas,72.047,2002
Jamaica,Americas,72.567,2007
Japan,Asia,63.03,1952
Japan,Asia,65.5,1957
Japan,Asia,68.73,1962
Japan,Asia,71.43,1967
Japan,Asia,73.42,1972
Japan,Asia,75.38,1977
Japan,Asia,77.11,1982
Japan,Asia,78.67,1987
Japan,Asia,79.36,1992
Japan,Asia,80.69,1997
Japan,Asia,82,2002
Japan,Asia,82.603,2007
Jordan,Asia,43.158,1952
Jordan,Asia,45.669,1957
Jordan,Asia,48.126,1962
Jordan,Asia,51.629,1967
Jordan,Asia,56.528,1972
Jordan,Asia,61.134,1977
Jordan,Asia,63.739,1982
Jordan,Asia,65.869,1987
Jordan,Asia,68.015,1992
Jordan,Asia,69.772,1997
Jordan,Asia,71.263,2002
Jordan,Asia,72.535,2007
Kenya,Africa,42.27,1952
Kenya,Africa,44.686,1957
Kenya,Africa,47.949,1962
Kenya,Africa,50.654,1967
Kenya,Africa,53.559,1972
Kenya,Africa,56.155,1977
Kenya,Africa,58.766,1982
Kenya,Africa,59.339,1987
Kenya,Africa,59.285,1992
Kenya,Africa,54.407,1997
Kenya,Africa,50.992,2002
Kenya,Africa,54.11,2007
"Korea, Dem. Rep.",Asia,50.056,1952
"Korea, Dem. Rep.",Asia,54.081,1957
"Korea, Dem. Rep.",Asia,56.656,1962
"Korea, Dem. Rep.",Asia,59.942,1967
"Korea, Dem. Rep.",Asia,63.983,1972
"Korea, Dem. Rep.",Asia,67.159,1977
"Korea, Dem. Rep.",Asia,69.1,1982
"Korea, Dem. Rep.",Asia,70.647,1987
"Korea, Dem. Rep.",Asia,69.978,1992
"Korea, Dem. Rep.",Asia,67.727,1997
"Korea, Dem. Rep.",Asia,66.662,2002
"Korea, Dem. Rep.",Asia,67.297,2007
"Korea, Rep.",Asia,47.453,1952
"Korea, Rep.",Asia,52.681,1957
"Korea, Rep.",Asia,55.292,1962
"Korea, Rep.",Asia,57.716,1967
"Korea, Rep.",Asia,62.612,1972
"Korea, Rep.",Asia,64.766,1977
"Korea, Rep.",Asia,67.123,1982
"Korea, Rep.",Asia,69.81,1987
"Korea, Rep.",Asia,72.244,1992
"Korea, Rep.",Asia,74.647,1997
"Korea, Rep.",Asia,77.045,2002
"Korea, Rep.",Asia,78.623,2007
Kuwait,Asia,55.565,1952
Kuwait,Asia,58.033,1957
Kuwait,Asia,60.47,1962
Kuwait,Asia,64.624,1967
Kuwait,Asia,67.712,1972
Kuwait,Asia,69.343,1977
Kuwait,Asia,71.309,1982
Kuwait,Asia,74.174,1987
Kuwait,Asia,75.19,1992
Kuwait,Asia,76.156,1997
Kuwait,Asia,76.904,2002
Kuwait,Asia,77.588,2007
Lebanon,Asia,55.928,1952
Lebanon,Asia,59.489,1957
Lebanon,Asia,62.094,1962
Lebanon,Asia,63.87,1967
Lebanon,Asia,65.421,1972
Lebanon,Asia,66.099,1977
Lebanon,Asia,66.983,1982
Lebanon,Asia,67.926,1987
Lebanon,Asia,69.292,1992
Lebanon,Asia,70.265,1997
Lebanon,Asia,71.028,2002
Lebanon,Asia,71.993,2007
Lesotho,Africa,42.138,1952
Lesotho,Africa,45.047,1957
Lesotho,Africa,47.747,1962
Lesotho,Africa,48.492,1967
Lesotho,Africa,49.767,1972
Lesotho,Africa,52.208,1977
Lesotho,Africa,55.078,1982
Lesotho,Africa,57.18,1987
Lesotho,Africa,59.685,1992
Lesotho,Africa,55.558,1997
Lesotho,Africa,44.593,2002
Lesotho,Africa,42.592,2007
Liberia,Africa,38.48,1952
Liberia,Africa,39.486,1957
Liberia,Africa,40.502,1962
Liberia,Africa,41.536,1967
Liberia,Africa,42.614,1972
Liberia,Africa,43.764,1977
Liberia,Africa,44.852,1982
Liberia,Africa,46.027,1987
Liberia,Africa,40.802,1992
Liberia,Africa,42.221,1997
Liberia,Africa,43.753,2002
Liberia,Africa,45.678,2007
Libya,Africa,42.723,1952
Libya,Africa,45.289,1957
Libya,Africa,47.808,1962
Libya,Africa,50.227,1967
Libya,Africa,52.773,1972
Libya,Africa,57.442,1977
Libya,Africa,62.155,1982
Libya,Africa,66.234,1987
Libya,Africa,68.755,1992
Libya,Africa,71.555,1997
Libya,Africa,72.737,2002
Libya,Africa,73.952,2007
Madagascar,Africa,36.681,1952
Madagascar,Africa,38.865,1957
Madagascar,Africa,40.848,1962
Madagascar,Africa,42.881,1967
Madagascar,Africa,44.851,1972
Madagascar,Africa,46.881,1977
Madagascar,Africa,48.969,1982
Madagascar,Africa,49.35,1987
Madagascar,Africa,52.214,1992
Madagascar,Africa,54.978,1997
Madagascar,Africa,57.286,2002
Madagascar,Africa,59.443,2007
Malawi,Africa,36.256,1952
Malawi,Africa,37.207,1957
Malawi,Africa,38.41,1962
Malawi,Africa,39.487,1967
Malawi,Africa,41.766,1972
Malawi,Africa,43.767,1977
Malawi,Africa,45.642,1982
Malawi,Africa,47.457,1987
Malawi,Africa,49.42,1992
Malawi,Africa,47.495,1997
Malawi,Africa,45.009,2002
Malawi,Africa,48.303,2007
Malaysia,Asia,48.463,1952
Malaysia,Asia,52.102,1957
Malaysia,Asia,55.737,1962
Malaysia,Asia,59.371,1967
Malaysia,Asia,63.01,1972
Malaysia,Asia,65.256,1977
Malaysia,Asia,68,1982
Malaysia,Asia,69.5,1987
Malaysia,Asia,70.693,1992
Malaysia,Asia,71.938,1997
Malaysia,Asia,73.044,2002
Malaysia,Asia,74.241,2007
Mali,Africa,33.685,1952
Mali,Africa,35.307,1957
Mali,Africa,36.936,1962
Mali,Africa,38.487,1967
Mali,Africa,39.977,1972
Mali,Africa,41.714,1977
Mali,Africa,43.916,1982
Mali,Africa,46.364,1987
Mali,Africa,48.388,1992
Mali,Africa,49.903,1997
Mali,Africa,51.818,2002
Mali,Africa,54.467,2007
Mauritania,Africa,40.543,1952
Mauritania,Africa,42.338,1957
Mauritania,Africa,44.248,1962
Mauritania,Africa,46.289,1967
Mauritania,Africa,48.437,1972
Mauritania,Africa,50.852,1977
Mauritania,Africa,53.599,1982
Mauritania,Africa,56.145,1987
Mauritania,Africa,58.333,1992
Mauritania,Africa,60.43,1997
Mauritania,Africa,62.247,2002
Mauritania,Africa,64.164,2007
Mauritius,Africa,50.986,1952
Mauritius,Africa,58.089,1957
Mauritius,Africa,60.246,1962
Mauritius,Africa,61.557,1967
Mauritius,Africa,62.944,1972
Mauritius,Africa,64.93,1977
Mauritius,Africa,66.711,1982
Mauritius,Africa,68.74,1987
Mauritius,Africa,69.745,1992
Mauritius,Africa,70.736,1997
Mauritius,Africa,71.954,2002
Mauritius,Africa,72.801,2007
Mexico,Americas,50.789,1952
Mexico,Americas,55.19,1957
Mexico,Americas,58.299,1962
Mexico,Americas,60.11,1967
Mexico,Americas,62.361,1972
Mexico,Americas,65.032,1977
Mexico,Americas,67.405,1982
Mexico,Americas,69.498,1987
Mexico,Americas,71.455,1992
Mexico,Americas,73.67,1997
Mexico,Americas,74.902,2002
Mexico,Americas,76.195,2007
Mongolia,Asia,42.244,1952
Mongolia,Asia,45.248,1957
Mongolia,Asia,48.251,1962
Mongolia,Asia,51.253,1967
Mongolia,Asia,53.754,1972
Mongolia,Asia,55.491,1977
Mongolia,Asia,57.489,1982
Mongolia,Asia,60.222,1987
Mongolia,Asia,61.271,1992
Mongolia,Asia,63.625,1997
Mongolia,Asia,65.033,2002
Mongolia,Asia,66.803,2007
Montenegro,Europe,59.164,1952
Montenegro,Europe,61.448,1957
Montenegro,Europe,63.728,1962
Montenegro,Europe,67.178,1967
Montenegro,Europe,70.636,1972
Montenegro,Europe,73.066,1977
Montenegro,Europe,74.101,1982
Montenegro,Europe,74.865,1987
Montenegro,Europe,75.435,1992
Montenegro,Europe,75.445,1997
Montenegro,Europe,73.981,2002
Montenegro,Europe,74.543,2007
Morocco,Africa,42.873,1952
Morocco,Africa,45.423,1957
Morocco,Africa,47.924,1962
Morocco,Africa,50.335,1967
Morocco,Africa,52.862,1972
Morocco,Africa,55.73,1977
Morocco,Africa,59.65,1982
Morocco,Africa,62.677,1987
Morocco,Africa,65.393,1992
Morocco,Africa,67.66,1997
Morocco,Africa,69.615,2002
Morocco,Africa,71.164,2007
Mozambique,Africa,31.286,1952
Mozambique,Africa,33.779,1957
Mozambique,Africa,36.161,1962
Mozambique,Africa,38.113,1967
Mozambique,Africa,40.328,1972
Mozambique,Africa,42.495,1977
Mozambique,Africa,42.795,1982
Mozambique,Africa,42.861,1987
Mozambique,Africa,44.284,1992
Mozambique,Africa,46.344,1997
Mozambique,Africa,44.026,2002
Mozambique,Africa,42.082,2007
Myanmar,Asia,36.319,1952
Myanmar,Asia,41.905,1957
Myanmar,Asia,45.108,1962
Myanmar,Asia,49.379,1967
Myanmar,Asia,53.07,1972
Myanmar,Asia,56.059,1977
Myanmar,Asia,58.056,1982
Myanmar,Asia,58.339,1987
Myanmar,Asia,59.32,1992
Myanmar,Asia,60.328,1997
Myanmar,Asia,59.908,2002
Myanmar,Asia,62.069,2007
Namibia,Africa,41.725,1952
Namibia,Africa,45.226,1957
Namibia,Africa,48.386,1962
Namibia,Africa,51.159,1967
Namibia,Africa,53.867,1972
Namibia,Africa,56.437,1977
Namibia,Africa,58.968,1982
Namibia,Africa,60.835,1987
Namibia,Africa,61.999,1992
Namibia,Africa,58.909,1997
Namibia,Africa,51.479,2002
Namibia,Africa,52.906,2007
Nepal,Asia,36.157,1952
Nepal,Asia,37.686,1957
Nepal,Asia,39.393,1962
Nepal,Asia,41.472,1967
Nepal,Asia,43.971,1972
Nepal,Asia,46.748,1977
Nepal,Asia,49.594,1982
Nepal,Asia,52.537,1987
Nepal,Asia,55.727,1992
Nepal,Asia,59.426,1997
Nepal,Asia,61.34,2002
Nepal,Asia,63.785,2007
Netherlands,Europe,72.13,1952
Netherlands,Europe,72.99,1957
Netherlands,Europe,73.23,1962
Netherlands,Europe,73.82,1967
Netherlands,Europe,73.75,1972
Netherlands,Europe,75.24,1977
Netherlands,Europe,76.05,1982
Netherlands,Europe,76.83,1987
Netherlands,Europe,77.42,1992
Netherlands,Europe,78.03,1997
Netherlands,Europe,78.53,2002
Netherlands,Europe,79.762,2007
New Zealand,Oceania,69.39,1952
New Zealand,Oceania,70.26,1957
New Zealand,Oceania,71.24,1962
New Zealand,Oceania,71.52,1967
New Zealand,Oceania,71.89,1972
New Zealand,Oceania,72.22,1977
New Zealand,Oceania,73.84,1982
New Zealand,Oceania,74.32,1987
New Zealand,Oceania,76.33,1992
New Zealand,Oceania,77.55,1997
New Zealand,Oceania,79.11,2002
New Zealand,Oceania,80.204,2007
Nicaragua,Americas,42.314,1952
Nicaragua,Americas,45.432,1957
Nicaragua,Americas,48.632,1962
Nicaragua,Americas,51.884,1967
Nicaragua,Americas,55.151,1972
Nicaragua,Americas,57.47,1977
Nicaragua,Americas,59.298,1982
Nicaragua,Americas,62.008,1987
Nicaragua,Americas,65.843,1992
Nicaragua,Americas,68.426,1997
Nicaragua,Americas,70.836,2002
Nicaragua,Americas,72.899,2007
Niger,Africa,37.444,1952
Niger,Africa,38.598,1957
Niger,Africa,39.487,1962
Niger,Africa,40.118,1967
Niger,Africa,40.546,1972
Niger,Africa,41.291,1977
Niger,Africa,42.598,1982
Niger,Africa,44.555,1987
Niger,Africa,47.391,1992
Niger,Africa,51.313,1997
Niger,Africa,54.496,2002
Niger,Africa,56.867,2007
Nigeria,Africa,36.324,1952
Nigeria,Africa,37.802,1957
Nigeria,Africa,39.36,1962
Nigeria,Africa,41.04,1967
Nigeria,Africa,42.821,1972
Nigeria,Africa,44.514,1977
Nigeria,Africa,45.826,1982
Nigeria,Africa,46.886,1987
Nigeria,Africa,47.472,1992
Nigeria,Africa,47.464,1997
Nigeria,Africa,46.608,2002
Nigeria,Africa,46.859,2007
Norway,Europe,72.67,1952
Norway,Europe,73.44,1957
Norway,Europe,73.47,1962
Norway,Europe,74.08,1967
Norway,Europe,74.34,1972
Norway,Europe,75.37,1977
Norway,Europe,75.97,1982
Norway,Europe,75.89,1987
Norway,Europe,77.32,1992
Norway,Europe,78.32,1997
Norway,Europe,79.05,2002
Norway,Europe,80.196,2007
Oman,Asia,37.578,1952
Oman,Asia,40.08,1957
Oman,Asia,43.165,1962
Oman,Asia,46.988,1967
Oman,Asia,52.143,1972
Oman,Asia,57.367,1977
Oman,Asia,62.728,1982
Oman,Asia,67.734,1987
Oman,Asia,71.197,1992
Oman,Asia,72.499,1997
Oman,Asia,74.193,2002
Oman,Asia,75.64,2007
Pakistan,Asia,43.436,1952
Pakistan,Asia,45.557,1957
Pakistan,Asia,47.67,1962
Pakistan,Asia,49.8,1967
Pakistan,Asia,51.929,1972
Pakistan,Asia,54.043,1977
Pakistan,Asia,56.158,1982
Pakistan,Asia,58.245,1987
Pakistan,Asia,60.838,1992
Pakistan,Asia,61.818,1997
Pakistan,Asia,63.61,2002
Pakistan,Asia,65.483,2007
Panama,Americas,55.191,1952
Panama,Americas,59.201,1957
Panama,Americas,61.817,1962
Panama,Americas,64.071,1967
Panama,Americas,66.216,1972
Panama,Americas,68.681,1977
Panama,Americas,70.472,1982
Panama,Americas,71.523,1987
Panama,Americas,72.462,1992
Panama,Americas,73.738,1997
Panama,Americas,74.712,2002
Panama,Americas,75.537,2007
Paraguay,Americas,62.649,1952
Paraguay,Americas,63.196,1957
Paraguay,Americas,64.361,1962
Paraguay,Americas,64.951,1967
Paraguay,Americas,65.815,1972
Paraguay,Americas,66.353,1977
Paraguay,Americas,66.874,1982
Paraguay,Americas,67.378,1987
Paraguay,Americas,68.225,1992
Paraguay,Americas,69.4,1997
Paraguay,Americas,70.755,2002
Paraguay,Americas,71.752,2007
Peru,Americas,43.902,1952
Peru,Americas,46.263,1957
Peru,Americas,49.096,1962
Peru,Americas,51.445,1967
Peru,Americas,55.448,1972
Peru,Americas,58.447,1977
Peru,Americas,61.406,1982
Peru,Americas,64.134,1987
Peru,Americas,66.458,1992
Peru,Americas,68.386,1997
Peru,Americas,69.906,2002
Peru,Americas,71.421,2007
Philippines,Asia,47.752,1952
Philippines,Asia,51.334,1957
Philippines,Asia,54.757,1962
Philippines,Asia,56.393,1967
Philippines,Asia,58.065,1972
Philippines,Asia,60.06,1977
Philippines,Asia,62.082,1982
Philippines,Asia,64.151,1987
Philippines,Asia,66.458,1992
Philippines,Asia,68.564,1997
Philippines,Asia,70.303,2002
Philippines,Asia,71.688,2007
Poland,Europe,61.31,1952
Poland,Europe,65.77,1957
Poland,Europe,67.64,1962
Poland,Europe,69.61,1967
Poland,Europe,70.85,1972
Poland,Europe,70.67,1977
Poland,Europe,71.32,1982
Poland,Europe,70.98,1987
Poland,Europe,70.99,1992
Poland,Europe,72.75,1997
Poland,Europe,74.67,2002
Poland,Europe,75.563,2007
Portugal,Europe,59.82,1952
Portugal,Europe,61.51,1957
Portugal,Europe,64.39,1962
Portugal,Europe,66.6,1967
Portugal,Europe,69.26,1972
Portugal,Europe,70.41,1977
Portugal,Europe,72.77,1982
Portugal,Europe,74.06,1987
Portugal,Europe,74.86,1992
Portugal,Europe,75.97,1997
Portugal,Europe,77.29,2002
Portugal,Europe,78.098,2007
Puerto Rico,Americas,64.28,1952
Puerto Rico,Americas,68.54,1957
Puerto Rico,Americas,69.62,1962
Puerto Rico,Americas,71.1,1967
Puerto Rico,Americas,72.16,1972
Puerto Rico,Americas,73.44,1977
Puerto Rico,Americas,73.75,1982
Puerto Rico,Americas,74.63,1987
Puerto Rico,Americas,73.911,1992
Puerto Rico,Americas,74.917,1997
Puerto Rico,Americas,77.778,2002
Puerto Rico,Americas,78.746,2007
Reunion,Africa,52.724,1952
Reunion,Africa,55.09,1957
Reunion,Africa,57.666,1962
Reunion,Africa,60.542,1967
Reunion,Africa,64.274,1972
Reunion,Africa,67.064,1977
Reunion,Africa,69.885,1982
Reunion,Africa,71.913,1987
Reunion,Africa,73.615,1992
Reunion,Africa,74.772,1997
Reunion,Africa,75.744,2002
Reunion,Africa,76.442,2007
Romania,Europe,61.05,1952
Romania,Europe,64.1,1957
Romania,Europe,66.8,1962
Romania,Europe,66.8,1967
Romania,Europe,69.21,1972
Romania,Europe,69.46,1977
Romania,Europe,69.66,1982
Romania,Europe,69.53,1987
Romania,Europe,69.36,1992
Romania,Europe,69.72,1997
Romania,Europe,71.322,2002
Romania,Europe,72.476,2007
Rwanda,Africa,40,1952
Rwanda,Africa,41.5,1957
Rwanda,Africa,43,1962
Rwanda,Africa,44.1,1967
Rwanda,Africa,44.6,1972
Rwanda,Africa,45,1977
Rwanda,Africa,46.218,1982
Rwanda,Africa,44.02,1987
Rwanda,Africa,23.599,1992
Rwanda,Africa,36.087,1997
Rwanda,Africa,43.413,2002
Rwanda,Africa,46.242,2007
Sao Tome and Principe,Africa,46.471,1952
Sao Tome and Principe,Africa,48.945,1957
Sao Tome and Principe,Africa,51.893,1962
Sao Tome and Principe,Africa,54.425,1967
Sao Tome and Principe,Africa,56.48,1972
Sao Tome and Principe,Africa,58.55,1977
Sao Tome and Principe,Africa,60.351,1982
Sao Tome and Principe,Africa,61.728,1987
Sao Tome and Principe,Africa,62.742,1992
Sao Tome and Principe,Africa,63.306,1997
Sao Tome and Principe,Africa,64.337,2002
Sao Tome and Principe,Africa,65.528,2007
Saudi Arabia,Asia,39.875,1952
Saudi Arabia,Asia,42.868,1957
Saudi Arabia,Asia,45.914,1962
Saudi Arabia,Asia,49.901,1967
Saudi Arabia,Asia,53.886,1972
Saudi Arabia,Asia,58.69,1977
Saudi Arabia,Asia,63.012,1982
Saudi Arabia,Asia,66.295,1987
Saudi Arabia,Asia,68.768,1992
Saudi Arabia,Asia,70.533,1997
Saudi Arabia,Asia,71.626,2002
Saudi Arabia,Asia,72.777,2007
Senegal,Africa,37.278,1952
Senegal,Africa,39.329,1957
Senegal,Africa,41.454,1962
Senegal,Africa,43.563,1967
Senegal,Africa,45.815,1972
Senegal,Africa,48.879,1977
Senegal,Africa,52.379,1982
Senegal,Africa,55.769,1987
Senegal,Africa,58.196,1992
Senegal,Africa,60.187,1997
Senegal,Africa,61.6,2002
Senegal,Africa,63.062,2007
Serbia,Europe,57.996,1952
Serbia,Europe,61.685,1957
Serbia,Europe,64.531,1962
Serbia,Europe,66.914,1967
Serbia,Europe,68.7,1972
Serbia,Europe,70.3,1977
Serbia,Europe,70.162,1982
Serbia,Europe,71.218,1987
Serbia,Europe,71.659,1992
Serbia,Europe,72.232,1997
Serbia,Europe,73.213,2002
Serbia,Europe,74.002,2007
Sierra Leone,Africa,30.331,1952
Sierra Leone,Africa,31.57,1957
Sierra Leone,Africa,32.767,1962
Sierra Leone,Africa,34.113,1967
Sierra Leone,Africa,35.4,1972
Sierra Leone,Africa,36.788,1977
Sierra Leone,Africa,38.445,1982
Sierra Leone,Africa,40.006,1987
Sierra Leone,Africa,38.333,1992
Sierra Leone,Africa,39.897,1997
Sierra Leone,Africa,41.012,2002
Sierra Leone,Africa,42.568,2007
Singapore,Asia,60.396,1952
Singapore,Asia,63.179,1957
Singapore,Asia,65.798,1962
Singapore,Asia,67.946,1967
Singapore,Asia,69.521,1972
Singapore,Asia,70.795,1977
Singapore,Asia,71.76,1982
Singapore,Asia,73.56,1987
Singapore,Asia,75.788,1992
Singapore,Asia,77.158,1997
Singapore,Asia,78.77,2002
Singapore,Asia,79.972,2007
Slovak Republic,Europe,64.36,1952
Slovak Republic,Europe,67.45,1957
Slovak Republic,Europe,70.33,1962
Slovak Republic,Europe,70.98,1967
Slovak Republic,Europe,70.35,1972
Slovak Republic,Europe,70.45,1977
Slovak Republic,Europe,70.8,1982
Slovak Republic,Europe,71.08,1987
Slovak Republic,Europe,71.38,1992
Slovak Republic,Europe,72.71,1997
Slovak Republic,Europe,73.8,2002
Slovak Republic,Europe,74.663,2007
Slovenia,Europe,65.57,1952
Slovenia,Europe,67.85,1957
Slovenia,Europe,69.15,1962
Slovenia,Europe,69.18,1967
Slovenia,Europe,69.82,1972
Slovenia,Europe,70.97,1977
Slovenia,Europe,71.063,1982
Slovenia,Europe,72.25,1987
Slovenia,Europe,73.64,1992
Slovenia,Europe,75.13,1997
Slovenia,Europe,76.66,2002
Slovenia,Europe,77.926,2007
Somalia,Africa,32.978,1952
Somalia,Africa,34.977,1957
Somalia,Africa,36.981,1962
Somalia,Africa,38.977,1967
Somalia,Africa,40.973,1972
Somalia,Africa,41.974,1977
Somalia,Africa,42.955,1982
Somalia,Africa,44.501,1987
Somalia,Africa,39.658,1992
Somalia,Africa,43.795,1997
Somalia,Africa,45.936,2002
Somalia,Africa,48.159,2007
South Africa,Africa,45.009,1952
South Africa,Africa,47.985,1957
South Africa,Africa,49.951,1962
South Africa,Africa,51.927,1967
South Africa,Africa,53.696,1972
South Africa,Africa,55.527,1977
South Africa,Africa,58.161,1982
South Africa,Africa,60.834,1987
South Africa,Africa,61.888,1992
South Africa,Africa,60.236,1997
South Africa,Africa,53.365,2002
South Africa,Africa,49.339,2007
Spain,Europe,64.94,1952
Spain,Europe,66.66,1957
Spain,Europe,69.69,1962
Spain,Europe,71.44,1967
Spain,Europe,73.06,1972
Spain,Europe,74.39,1977
Spain,Europe,76.3,1982
Spain,Europe,76.9,1987
Spain,Europe,77.57,1992
Spain,Europe,78.77,1997
Spain,Europe,79.78,2002
Spain,Europe,80.941,2007
Sri Lanka,Asia,57.593,1952
Sri Lanka,Asia,61.456,1957
Sri Lanka,Asia,62.192,1962
Sri Lanka,Asia,64.266,1967
Sri Lanka,Asia,65.042,1972
Sri Lanka,Asia,65.949,1977
Sri Lanka,Asia,68.757,1982
Sri Lanka,Asia,69.011,1987
Sri Lanka,Asia,70.379,1992
Sri Lanka,Asia,70.457,1997
Sri Lanka,Asia,70.815,2002
Sri Lanka,Asia,72.396,2007
Sudan,Africa,38.635,1952
Sudan,Africa,39.624,1957
Sudan,Africa,40.87,1962
Sudan,Africa,42.858,1967
Sudan,Africa,45.083,1972
Sudan,Africa,47.8,1977
Sudan,Africa,50.338,1982
Sudan,Africa,51.744,1987
Sudan,Africa,53.556,1992
Sudan,Africa,55.373,1997
Sudan,Africa,56.369,2002
Sudan,Africa,58.556,2007
Swaziland,Africa,41.407,1952
Swaziland,Africa,43.424,1957
Swaziland,Africa,44.992,1962
Swaziland,Africa,46.633,1967
Swaziland,Africa,49.552,1972
Swaziland,Africa,52.537,1977
Swaziland,Africa,55.561,1982
Swaziland,Africa,57.678,1987
Swaziland,Africa,58.474,1992
Swaziland,Africa,54.289,1997
Swaziland,Africa,43.869,2002
Swaziland,Africa,39.613,2007
Sweden,Europe,71.86,1952
Sweden,Europe,72.49,1957
Sweden,Europe,73.37,1962
Sweden,Europe,74.16,1967
Sweden,Europe,74.72,1972
Sweden,Europe,75.44,1977
Sweden,Europe,76.42,1982
Sweden,Europe,77.19,1987
Sweden,Europe,78.16,1992
Sweden,Europe,79.39,1997
Sweden,Europe,80.04,2002
Sweden,Europe,80.884,2007
Switzerland,Europe,69.62,1952
Switzerland,Europe,70.56,1957
Switzerland,Europe,71.32,1962
Switzerland,Europe,72.77,1967
Switzerland,Europe,73.78,1972
Switzerland,Europe,75.39,1977
Switzerland,Europe,76.21,1982
Switzerland,Europe,77.41,1987
Switzerland,Europe,78.03,1992
Switzerland,Europe,79.37,1997
Switzerland,Europe,80.62,2002
Switzerland,Europe,81.701,2007
Syria,Asia,45.883,1952
Syria,Asia,48.284,1957
Syria,Asia,50.305,1962
Syria,Asia,53.655,1967
Syria,Asia,57.296,1972
Syria,Asia,61.195,1977
Syria,Asia,64.59,1982
Syria,Asia,66.974,1987
Syria,Asia,69.249,1992
Syria,Asia,71.527,1997
Syria,Asia,73.053,2002
Syria,Asia,74.143,2007
Taiwan,Asia,58.5,1952
Taiwan,Asia,62.4,1957
Taiwan,Asia,65.2,1962
Taiwan,Asia,67.5,1967
Taiwan,Asia,69.39,1972
Taiwan,Asia,70.59,1977
Taiwan,Asia,72.16,1982
Taiwan,Asia,73.4,1987
Taiwan,Asia,74.26,1992
Taiwan,Asia,75.25,1997
Taiwan,Asia,76.99,2002
Taiwan,Asia,78.4,2007
Tanzania,Africa,41.215,1952
Tanzania,Africa,42.974,1957
Tanzania,Africa,44.246,1962
Tanzania,Africa,45.757,1967
Tanzania,Africa,47.62,1972
Tanzania,Africa,49.919,1977
Tanzania,Africa,50.608,1982
Tanzania,Africa,51.535,1987
Tanzania,Africa,50.44,1992
Tanzania,Africa,48.466,1997
Tanzania,Africa,49.651,2002
Tanzania,Africa,52.517,2007
Thailand,Asia,50.848,1952
Thailand,Asia,53.63,1957
Thailand,Asia,56.061,1962
Thailand,Asia,58.285,1967
Thailand,Asia,60.405,1972
Thailand,Asia,62.494,1977
Thailand,Asia,64.597,1982
Thailand,Asia,66.084,1987
Thailand,Asia,67.298,1992
Thailand,Asia,67.521,1997
Thailand,Asia,68.564,2002
Thailand,Asia,70.616,2007
Togo,Africa,38.596,1952
Togo,Africa,41.208,1957
Togo,Africa,43.922,1962
Togo,Africa,46.769,1967
Togo,Africa,49.759,1972
Togo,Africa,52.887,1977
Togo,Africa,55.471,1982
Togo,Africa,56.941,1987
Togo,Africa,58.061,1992
Togo,Africa,58.39,1997
Togo,Africa,57.561,2002
Togo,Africa,58.42,2007
Trinidad and Tobago,Americas,59.1,1952
Trinidad and Tobago,Americas,61.8,1957
Trinidad and Tobago,Americas,64.9,1962
Trinidad and Tobago,Americas,65.4,1967
Trinidad and Tobago,Americas,65.9,1972
Trinidad and Tobago,Americas,68.3,1977
Trinidad and Tobago,Americas,68.832,1982
Trinidad and Tobago,Americas,69.582,1987
Trinidad and Tobago,Americas,69.862,1992
Trinidad and Tobago,Americas,69.465,1997
Trinidad and Tobago,Americas,68.976,2002
Trinidad and Tobago,Americas,69.819,2007
Tunisia,Africa,44.6,1952
Tunisia,Africa,47.1,1957
Tunisia,Africa,49.579,1962
Tunisia,Africa,52.053,1967
Tunisia,Africa,55.602,1972
Tunisia,Africa,59.837,1977
Tunisia,Africa,64.048,1982
Tunisia,Africa,66.894,1987
Tunisia,Africa,70.001,1992
Tunisia,Africa,71.973,1997
Tunisia,Africa,73.042,2002
Tunisia,Africa,73.923,2007
Turkey,Europe,43.585,1952
Turkey,Europe,48.079,1957
Turkey,Europe,52.098,1962
Turkey,Europe,54.336,1967
Turkey,Europe,57.005,1972
Turkey,Europe,59.507,1977
Turkey,Europe,61.036,1982
Turkey,Europe,63.108,1987
Turkey,Europe,66.146,1992
Turkey,Europe,68.835,1997
Turkey,Europe,70.845,2002
Turkey,Europe,71.777,2007
Uganda,Africa,39.978,1952
Uganda,Africa,42.571,1957
Uganda,Africa,45.344,1962
Uganda,Africa,48.051,1967
Uganda,Africa,51.016,1972
Uganda,Africa,50.35,1977
Uganda,Africa,49.849,1982
Uganda,Africa,51.509,1987
Uganda,Africa,48.825,1992
Uganda,Africa,44.578,1997
Uganda,Africa,47.813,2002
Uganda,Africa,51.542,2007
United Kingdom,Europe,69.18,1952
United Kingdom,Europe,70.42,1957
United Kingdom,Europe,70.76,1962
United Kingdom,Europe,71.36,1967
United Kingdom,Europe,72.01,1972
United Kingdom,Europe,72.76,1977
United Kingdom,Europe,74.04,1982
United Kingdom,Europe,75.007,1987
United Kingdom,Europe,76.42,1992
United Kingdom,Europe,77.218,1997
United Kingdom,Europe,78.471,2002
United Kingdom,Europe,79.425,2007
United States,Americas,68.44,1952
United States,Americas,69.49,1957
United States,Americas,70.21,1962
United States,Americas,70.76,1967
United States,Americas,71.34,1972
United States,Americas,73.38,1977
United States,Americas,74.65,1982
United States,Americas,75.02,1987
United States,Americas,76.09,1992
United States,Americas,76.81,1997
United States,Americas,77.31,2002
United States,Americas,78.242,2007
Uruguay,Americas,66.071,1952
Uruguay,Americas,67.044,1957
Uruguay,Americas,68.253,1962
Uruguay,Americas,68.468,1967
Uruguay,Americas,68.673,1972
Uruguay,Americas,69.481,1977
Uruguay,Americas,70.805,1982
Uruguay,Americas,71.918,1987
Uruguay,Americas,72.752,1992
Uruguay,Americas,74.223,1997
Uruguay,Americas,75.307,2002
Uruguay,Americas,76.384,2007
Venezuela,Americas,55.088,1952
Venezuela,Americas,57.907,1957
Venezuela,Americas,60.77,1962
Venezuela,Americas,63.479,1967
Venezuela,Americas,65.712,1972
Venezuela,Americas,67.456,1977
Venezuela,Americas,68.557,1982
Venezuela,Americas,70.19,1987
Venezuela,Americas,71.15,1992
Venezuela,Americas,72.146,1997
Venezuela,Americas,72.766,2002
Venezuela,Americas,73.747,2007
Vietnam,Asia,40.412,1952
Vietnam,Asia,42.887,1957
Vietnam,Asia,45.363,1962
Vietnam,Asia,47.838,1967
Vietnam,Asia,50.254,1972
Vietnam,Asia,55.764,1977
Vietnam,Asia,58.816,1982
Vietnam,Asia,62.82,1987
Vietnam,Asia,67.662,1992
Vietnam,Asia,70.672,1997
Vietnam,Asia,73.017,2002
Vietnam,Asia,74.249,2007
West Bank and Gaza,Asia,43.16,1952
West Bank and Gaza,Asia,45.671,1957
West Bank and Gaza,Asia,48.127,1962
West Bank and Gaza,Asia,51.631,1967
West Bank and Gaza,Asia,56.532,1972
West Bank and Gaza,Asia,60.765,1977
West Bank and Gaza,Asia,64.406,1982
West Bank and Gaza,Asia,67.046,1987
West Bank and Gaza,Asia,69.718,1992
West Bank and Gaza,Asia,71.096,1997
West Bank and Gaza,Asia,72.37,2002
West Bank and Gaza,Asia,73.422,2007
"Yemen, Rep.",Asia,32.548,1952
"Yemen, Rep.",Asia,33.97,1957
"Yemen, Rep.",Asia,35.18,1962
"Yemen, Rep.",Asia,36.984,1967
"Yemen, Rep.",Asia,39.848,1972
"Yemen, Rep.",Asia,44.175,1977
"Yemen, Rep.",Asia,49.113,1982
"Yemen, Rep.",Asia,52.922,1987
"Yemen, Rep.",Asia,55.599,1992
"Yemen, Rep.",Asia,58.02,1997
"Yemen, Rep.",Asia,60.308,2002
"Yemen, Rep.",Asia,62.698,2007
Zambia,Africa,42.038,1952
Zambia,Africa,44.077,1957
Zambia,Africa,46.023,1962
Zambia,Africa,47.768,1967
Zambia,Africa,50.107,1972
Zambia,Africa,51.386,1977
Zambia,Africa,51.821,1982
Zambia,Africa,50.821,1987
Zambia,Africa,46.1,1992
Zambia,Africa,40.238,1997
Zambia,Africa,39.193,2002
Zambia,Africa,42.384,2007
Zimbabwe,Africa,48.451,1952
Zimbabwe,Africa,50.469,1957
Zimbabwe,Africa,52.358,1962
Zimbabwe,Africa,53.995,1967
Zimbabwe,Africa,55.635,1972
Zimbabwe,Africa,57.674,1977
Zimbabwe,Africa,60.363,1982
Zimbabwe,Africa,62.351,1987
Zimbabwe,Africa,60.377,1992
Zimbabwe,Africa,46.809,1997
Zimbabwe,Africa,39.989,2002
Zimbabwe,Africa,43.487,2007
